Workbook

Sheet Overview
A1: Zeit Project Management Dashboard
A3: Metric | B3: Value
A4: Total Deliverables | B4: =COUNTA(Deliverables!A2:A1000) -> 25
A5: Completed Deliverables | B5: =COUNTIF(Deliverables!F2:F1000,1) -> 1
A6: Average Completion | B6: =AVERAGE(Deliverables!F2:F1000) -> 0.07
A7: Open Risks | B7: =COUNTIF('Risk Register'!G2:G1000,"Open") -> 5
A8: Highest Severity | B8: =MAX('Risk Register'!E2:E1000) -> 0
A11: Sprint | B11: Total Deliverables | C11: Average Completion
A12: 0 | B12: =COUNTIF(Deliverables!A:A,A12) -> 5 | C12: =IF(B12=0,0,AVERAGEIF(Deliverables!A:A,A12,Deliverables!F:F)) -> 0.35
A13: 1 | B13: =COUNTIF(Deliverables!A:A,A13) -> 3 | C13: =IF(B13=0,0,AVERAGEIF(Deliverables!A:A,A13,Deliverables!F:F)) -> 0
A14: 2 | B14: =COUNTIF(Deliverables!A:A,A14) -> 2 | C14: =IF(B14=0,0,AVERAGEIF(Deliverables!A:A,A14,Deliverables!F:F)) -> 0
A15: 3 | B15: =COUNTIF(Deliverables!A:A,A15) -> 3 | C15: =IF(B15=0,0,AVERAGEIF(Deliverables!A:A,A15,Deliverables!F:F)) -> 0
A16: 4 | B16: =COUNTIF(Deliverables!A:A,A16) -> 3 | C16: =IF(B16=0,0,AVERAGEIF(Deliverables!A:A,A16,Deliverables!F:F)) -> 0
A17: 5 | B17: =COUNTIF(Deliverables!A:A,A17) -> 3 | C17: =IF(B17=0,0,AVERAGEIF(Deliverables!A:A,A17,Deliverables!F:F)) -> 0
A18: 6 | B18: =COUNTIF(Deliverables!A:A,A18) -> 3 | C18: =IF(B18=0,0,AVERAGEIF(Deliverables!A:A,A18,Deliverables!F:F)) -> 0
A19: 7 | B19: =COUNTIF(Deliverables!A:A,A19) -> 3 | C19: =IF(B19=0,0,AVERAGEIF(Deliverables!A:A,A19,Deliverables!F:F)) -> 0

Sheet Timeline & Milestones
A1: Sprint | B1: Start Date | C1: End Date | D1: Theme | E1: Status | F1: Deliverables | G1: Acceptance Met? | H1: Comments
A2: 0 | B2: 2025-10-07 | C2: 2025-10-10 | D2: Bootstrap | E2: In Progress | F2: Repo, FastAPI skeleton, SQLAlchemy models, Alembic migration, seed script
A3: 1 | B3: 2025-10-13 | C3: 2025-10-24 | D3: CRUD & TZ & Export | E3: Not Started | F3: CRUD for Tasks/Events; time-zone; /plan/ics export
A4: 2 | B4: 2025-10-27 | C4: 2025-11-07 | D4: CP-SAT v1 | E4: Not Started | F4: CP-SAT v1: tasks + events + sleep + splits + due penalties
A5: 3 | B5: 2025-11-10 | C5: 2025-11-21 | D5: Planner & Locks | E5: Not Started | F5: Planner calendar writer; locks; minimal UI; stability penalty
A6: 4 | B6: 2025-11-24 | C6: 2025-12-05 | D6: Travel & QA | E6: Not Started | F6: Travel pseudo-events; performance; property tests; polish
A7: 5 | B7: 2025-12-08 | C7: 2025-12-19 | D7: MVP 2 Intake | E7: Not Started | F7: Gmail label-scoped parser; Canvas assignments; review queue; audit log
A8: 6 | B8: 2026-01-05 | C8: 2026-01-16 | D8: MVP 3 Adaptive Daily | E8: Not Started | F8: Daily plan view; rollover; actuals logging; category-level calibration
A9: 7 | B9: 2026-01-19 | C9: 2026-01-30 | D9: MVP 4 Integrations | E9: Not Started | F9: Sync with a single to-do app; dedupe & change-source rules

Sheet Deliverables
A1: Sprint | B1: Feature | C1: Deliverable | D1: Acceptance Criteria | E1: Owner | F1: Completion | G1: Comments
A2: 0 | B2: Bootstrap | C2: Repo setup | D2: App boots locally; can list/insert tasks & events; unit test scaffold in place | E2: Alexandre | F2: 1
A3: 0 | B3: Bootstrap | C3: FastAPI skeleton | D3: App boots locally; can list/insert tasks & events; unit test scaffold in place | E3: Alexandre | F3: 0.5
A4: 0 | B4: Bootstrap | C4: SQLAlchemy models | D4: App boots locally; can list/insert tasks & events; unit test scaffold in place | E4: Alexandre | F4: 0.25
A5: 0 | B5: Bootstrap | C5: Alembic migration | D5: App boots locally; can list/insert tasks & events; unit test scaffold in place | E5: Alexandre | F5: 0
A6: 0 | B6: Bootstrap | C6: Seed script | D6: App boots locally; can list/insert tasks & events; unit test scaffold in place | E6: Alexandre | F6: 0
A7: 1 | B7: Data & Export | C7: CRUD APIs | D7: Seeded week exports to .ics; imports cleanly into Google Calendar | E7: Alexandre | F7: 0
A8: 1 | B8: Data & Export | C8: Timezone-safe utils | D8: Seeded week exports to .ics; imports cleanly into Google Calendar | E8: Alexandre | F8: 0
A9: 1 | B9: Data & Export | C9: ICS export | D9: Seeded week exports to .ics; imports cleanly into Google Calendar | E9: Alexandre | F9: 0
A10: 2 | B10: CP-SAT v1 | C10: Interval model | D10: Solve <= 10 sec; no overlap; hard due dates respected | E10: Alexandre | F10: 0
A11: 2 | B11: CP-SAT v1 | C11: Tardiness penalty | D11: Solve <= 10 sec; no overlap; hard due dates respected | E11: Alexandre | F11: 0
A12: 3 | B12: Planner & Locks | C12: Planner calendar writer | D12: Plan appears on separate calendar; locking respected on replan | E12: Alexandre | F12: 0
A13: 3 | B13: Planner & Locks | C13: Lock mechanism | D13: Plan appears on separate calendar; locking respected on replan | E13: Alexandre | F13: 0
... A26: 7 | B26: MVP 4 Integrations | C26: Change-source rules | D26: Tasks sync both ways without duplicates | E26: Alexandre | F26: 0

Sheet Risk Register
A1: Risk | B1: Probability (1-5) | C1: Impact (1-5) | D1: Severity | E1: Mitigation | F1: Owner | G1: Status
A2: NP-hard scheduling → slow solves | B2: 4 | C2: 5 | D2: =B2*C2 -> 20 | E2: Cap horizon; 15-min ticks; ≤2 splits; 10s timeout; greedy fallback | F2: Alexandre | G2: Open
A3: Bad duration estimates | B3: 3 | C3: 4 | D3: =B3*C3 -> 12 | E3: Log actuals; apply category correction factors | F3: Alexandre | G3: Open
A4: User trust (calendar thrash) | B4: 3 | C4: 4 | D4: =B4*C4 -> 12 | E4: Separate Planner calendar; locks; stability penalty; explainers | F4: Alexandre | G4: Open
A5: Noisy email parsing | B5: 2 | C5: 3 | D5: =B5*C5 -> 6 | E5: Label-scoped read + review queue; explicit allow/deny rules | F5: Alexandre | G5: Open
A6: Travel realism | B6: 2 | C6: 2 | D6: =B6*C6 -> 4 | E6: Pseudo-events in MVP 1; real distance matrix in Phase 2 | F6: Alexandre | G6: Open

Sheet Quality & Performance
A1: Metric | B1: Target | C1: Actual | D1: Variance | E1: Notes
A2: On-time completion rate | B2: 0.9 | D2: =C2-B2 -> -0.9 | E2: Target 90% of tasks completed by due date
A3: Average lateness (minutes) | B3: 0 | D3: =C3-B3 -> 0 | E3: Aim for zero lateness
A4: Plan generation time (s) | B4: 10 | D4: =C4-B4 -> -10 | E4: Solve within 10 seconds for a 7-day horizon
A5: User-initiated edits after plan (delta %) | B5: -0.3 | D5: =C5-B5 -> 0.3 | E5: Decrease edits by 30% by week 3
A6: Tests passing rate | B6: 0.95 | D6: =C6-B6 -> -0.95 | E6: Aim for at least 95% of tests passing

Sheet Backlog & Next Up
A1: Task | B1: Priority | C1: Sprint Target | D1: ETA | E1: Blocked? | F1: Notes
A2: Task form with duration/due/priority/category/location | B2: High | C2: 1 | D2: 2025-10-24 | E2: No | F2: Core data structure
A3: Sleep window settings (per day type) | B3: High | C3: 1 | D3: 2025-10-24 | E3: No | F3: Configure rest periods
A4: CP-SAT v1 + greedy fallback | B4: High | C4: 2 | D4: 2025-11-07 | E4: No | F4: Combine CP-SAT model with fallback
A5: Planner calendar write toggle | B5: Medium | C5: 3 | D5: 2025-11-21 | E5: No | F5: Toggle to enable/disable Planner calendar write
A6: Lock interactions + stability penalty | B6: Medium | C6: 3 | D6: 2025-11-21 | E6: No | F6: Respect locks on replans; add stability penalty
A7: Travel pseudo-events (configurable defaults) | B7: Medium | C7: 4 | D7: 2025-12-05 | E7: No | F7: Pseudo events for travel buffers
A8: Review queue (MVP 2) | B8: Low | C8: 5 | D8: 2025-12-19 | E8: No | F8: List of incoming tasks for human review
A9: Daily suggestions + rollover (MVP 3) | B9: Low | C9: 6 | D9: 2026-01-16 | E9: No | F9: Suggest tasks daily and roll over unfinished ones
A10: To-do sync (MVP 4) | B10: Low | C10: 7 | D10: 2026-01-30 | E10: No | F10: Integrate with external to-do app
A11: Dedupe rules | B11: Low | C11: 7 | D11: 2026-01-30 | E11: No | F11: Rules to deduplicate tasks across systems

Sheet Retro & Decisions
A1: Date | B1: Stop (What to stop) | C1: Start | D1: Continue | E1: Key Decisions | F1: Gate (Go/No-Go)

Sheet Requirements -> Tests
A1: Business Need | B1: Model Element | C1: Test Name | D1: Result (Pass/Fail) | E1: Link to File
A2: Respect fixed events | B2: Hard IntervalVar; AddNoOverlap | C2: No overlaps with fixed intervals
A3: Meet due dates | B3: Tardiness var; Hard due if flagged | C3: Hard due never violated; Soft due penalized
A4: Limit fragmentation | B4: Max splits; split penalty | C4: splits_t ≤ 2; penalty reduces splits
A5: Sleep & rest | B5: Hard forbidden window intervals | C5: No block placed in sleep windows
A6: Travel feasibility | B6: Pseudo travel blocks | C6: Travel blocks exist when locations differ
A7: Stability across replans | B7: Start-deviation penalty; locks | C7: Lower churn between plans; Locked blocks unchanged
